getClients,Sun May 09 15:33:45 EEST 2021
getTransactions,Sun May 09 15:33:45 EEST 2021
GetAccounts,Sun May 09 15:33:46 EEST 2021
getCards,Sun May 09 15:33:46 EEST 2021
getAccountStatements,Sun May 09 15:33:46 EEST 2021
getClients,Sun May 09 15:45:44 EEST 2021
getTransactions,Sun May 09 15:45:44 EEST 2021
GetAccounts,Sun May 09 15:45:44 EEST 2021
getCards,Sun May 09 15:45:44 EEST 2021
getAccountStatements,Sun May 09 15:45:44 EEST 2021
getClients,Sun May 09 15:46:24 EEST 2021
getTransactions,Sun May 09 15:46:24 EEST 2021
GetAccounts,Sun May 09 15:46:25 EEST 2021
getCards,Sun May 09 15:46:25 EEST 2021
getAccountStatements,Sun May 09 15:46:25 EEST 2021
getClients,Sun May 09 15:53:19 EEST 2021
getTransactions,Sun May 09 15:53:19 EEST 2021
GetAccounts,Sun May 09 15:53:20 EEST 2021
getCards,Sun May 09 15:53:20 EEST 2021
getAccountStatements,Sun May 09 15:53:20 EEST 2021
getClients,Sun May 09 15:54:13 EEST 2021
getTransactions,Sun May 09 15:54:13 EEST 2021
GetAccounts,Sun May 09 15:54:13 EEST 2021
getCards,Sun May 09 15:54:13 EEST 2021
getAccountStatements,Sun May 09 15:54:13 EEST 2021
getClients,Sun May 09 20:42:25 EEST 2021
getTransactions,Sun May 09 20:42:25 EEST 2021
GetAccounts,Sun May 09 20:42:26 EEST 2021
getCards,Sun May 09 20:42:26 EEST 2021
getAccountStatements,Sun May 09 20:42:26 EEST 2021
getClients,Sun May 09 21:02:41 EEST 2021
getTransactions,Sun May 09 21:02:41 EEST 2021
GetAccounts,Sun May 09 21:02:42 EEST 2021
getCards,Sun May 09 21:02:42 EEST 2021
getAccountStatements,Sun May 09 21:02:42 EEST 2021
getClients,Sun May 09 21:06:24 EEST 2021
getTransactions,Sun May 09 21:06:24 EEST 2021
GetAccounts,Sun May 09 21:06:24 EEST 2021
getCards,Sun May 09 21:06:24 EEST 2021
getAccountStatements,Sun May 09 21:06:24 EEST 2021
getClients,Sun May 09 21:10:35 EEST 2021
getTransactions,Sun May 09 21:10:35 EEST 2021
GetAccounts,Sun May 09 21:10:35 EEST 2021
getCards,Sun May 09 21:10:35 EEST 2021
getAccountStatements,Sun May 09 21:10:35 EEST 2021
getClients,Sun May 09 21:10:53 EEST 2021
getTransactions,Sun May 09 21:10:53 EEST 2021
GetAccounts,Sun May 09 21:10:53 EEST 2021
getCards,Sun May 09 21:10:53 EEST 2021
getAccountStatements,Sun May 09 21:10:53 EEST 2021
getClients,Tue May 18 20:57:26 EEST 2021
displayClients,Tue May 18 20:57:26 EEST 2021
getTransactions,Tue May 18 20:57:26 EEST 2021
GetAccounts,Tue May 18 20:57:26 EEST 2021
getCards,Tue May 18 20:57:26 EEST 2021
getAccountStatements,Tue May 18 20:57:26 EEST 2021
addClient,Tue May 18 21:09:50 EEST 2021
getClients,Tue May 18 21:09:52 EEST 2021
displayClients,Tue May 18 21:09:52 EEST 2021
getTransactions,Tue May 18 21:09:52 EEST 2021
GetAccounts,Tue May 18 21:09:52 EEST 2021
getCards,Tue May 18 21:09:52 EEST 2021
getAccountStatements,Tue May 18 21:09:52 EEST 2021
getClients,Tue May 18 22:33:28 EEST 2021
displayClients,Tue May 18 22:33:31 EEST 2021
getTransactions,Tue May 18 22:33:31 EEST 2021
getClients,Tue May 18 22:39:11 EEST 2021
displayClients,Tue May 18 22:39:13 EEST 2021
getTransactions,Tue May 18 22:39:13 EEST 2021
getClients,Wed May 19 21:08:58 EEST 2021
displayClients,Wed May 19 21:09:04 EEST 2021
getTransactions,Wed May 19 21:09:05 EEST 2021
getClients,Wed May 19 21:16:29 EEST 2021
displayClients,Wed May 19 21:16:31 EEST 2021
getTransactions,Wed May 19 21:16:31 EEST 2021
getClients,Wed May 19 21:21:44 EEST 2021
displayClients,Wed May 19 21:21:45 EEST 2021
getTransactions,Wed May 19 21:21:46 EEST 2021
getClients,Wed May 19 21:22:40 EEST 2021
displayClients,Wed May 19 21:22:42 EEST 2021
getTransactions,Wed May 19 21:22:42 EEST 2021
getClients,Wed May 19 21:23:35 EEST 2021
displayClients,Wed May 19 21:23:37 EEST 2021
getTransactions,Wed May 19 21:23:37 EEST 2021
getClients,Wed May 19 21:25:44 EEST 2021
displayClients,Wed May 19 21:25:46 EEST 2021
getAccounts,Wed May 19 21:25:46 EEST 2021
DisplayAccounts,Wed May 19 21:25:46 EEST 2021
getTransactions,Wed May 19 21:25:46 EEST 2021
getClients,Wed May 19 21:29:44 EEST 2021
displayClients,Wed May 19 21:29:46 EEST 2021
getAccounts,Wed May 19 21:29:46 EEST 2021
getClients,Wed May 19 21:30:26 EEST 2021
displayClients,Wed May 19 21:30:28 EEST 2021
getAccounts,Wed May 19 21:30:28 EEST 2021
DisplayAccounts,Wed May 19 21:30:28 EEST 2021
getTransactions,Wed May 19 21:30:28 EEST 2021
getCards,Wed May 19 21:30:28 EEST 2021
displayCards,Wed May 19 21:30:28 EEST 2021
getClients,Wed May 19 21:32:15 EEST 2021
displayClients,Wed May 19 21:32:17 EEST 2021
getAccounts,Wed May 19 21:32:17 EEST 2021
DisplayAccounts,Wed May 19 21:32:17 EEST 2021
getTransactions,Wed May 19 21:32:17 EEST 2021
getCards,Wed May 19 21:32:17 EEST 2021
displayCards,Wed May 19 21:32:17 EEST 2021
getClients,Wed May 19 21:33:24 EEST 2021
displayClients,Wed May 19 21:33:26 EEST 2021
getAccounts,Wed May 19 21:33:26 EEST 2021
DisplayAccounts,Wed May 19 21:33:26 EEST 2021
getTransactions,Wed May 19 21:33:27 EEST 2021
getCards,Wed May 19 21:33:27 EEST 2021
displayCards,Wed May 19 21:33:27 EEST 2021
getClients,Wed May 19 21:35:20 EEST 2021
displayClients,Wed May 19 21:35:22 EEST 2021
getAccounts,Wed May 19 21:35:22 EEST 2021
DisplayAccounts,Wed May 19 21:35:22 EEST 2021
getTransactions,Wed May 19 21:35:23 EEST 2021
getCards,Wed May 19 21:35:23 EEST 2021
displayCards,Wed May 19 21:35:23 EEST 2021
getClients,Wed May 19 21:35:54 EEST 2021
displayClients,Wed May 19 21:35:56 EEST 2021
getAccounts,Wed May 19 21:35:56 EEST 2021
DisplayAccounts,Wed May 19 21:35:56 EEST 2021
getTransactions,Wed May 19 21:35:56 EEST 2021
getCards,Wed May 19 21:35:56 EEST 2021
displayCards,Wed May 19 21:35:56 EEST 2021
getClients,Wed May 19 21:40:54 EEST 2021
displayClients,Wed May 19 21:40:56 EEST 2021
getAccounts,Wed May 19 21:40:56 EEST 2021
DisplayAccounts,Wed May 19 21:40:56 EEST 2021
getTransactions,Wed May 19 21:40:56 EEST 2021
getCards,Wed May 19 21:40:56 EEST 2021
displayCards,Wed May 19 21:40:56 EEST 2021
getClients,Wed May 19 21:42:01 EEST 2021
displayClients,Wed May 19 21:42:03 EEST 2021
getAccounts,Wed May 19 21:42:03 EEST 2021
DisplayAccounts,Wed May 19 21:42:03 EEST 2021
getTransactions,Wed May 19 21:42:03 EEST 2021
getCards,Wed May 19 21:42:03 EEST 2021
getClients,Wed May 19 21:42:29 EEST 2021
displayClients,Wed May 19 21:42:31 EEST 2021
getAccounts,Wed May 19 21:42:31 EEST 2021
DisplayAccounts,Wed May 19 21:42:31 EEST 2021
getTransactions,Wed May 19 21:42:31 EEST 2021
getCards,Wed May 19 21:42:31 EEST 2021
displayCards,Wed May 19 21:42:31 EEST 2021
